,AAA,AAC,AAG,AAT,ACA,ACC,ACG,ACT,AGA,AGC,AGG,AGT,ATA,ATC,ATG,ATT,CAA,CAC,CAG,CAT,CCA,CCC,CCG,CCT,CGA,CGC,CGG,CGT,CTA,CTC,CTG,CTT,GAA,GAC,GAG,GAT,GCA,GCC,GCG,GCT,GGA,GGC,GGG,GGT,GTA,GTC,GTG,GTT,TAA,TAC,TAG,TAT,TCA,TCC,TCG,TCT,TGA,TGC,TGG,TGT,TTA,TTC,TTG,TTT
A,0.0,0.0,0.0,0.0,3.29247644439e-06,3.56684948142e-06,1.26211597035e-05,8.23119111097e-06,0.0,1.37186518516e-06,1.09749214813e-06,5.48746074065e-07,NA,2.74373037032e-07,NA,0.0,0.0,0.0,0.0,NA,NA,1.59136361479e-05,4.06072094808e-05,NA,2.19498429626e-06,5.76183377768e-06,1.15236675554e-05,2.74373037032e-07,0.0,2.74373037032e-07,0.0,NA,0.0,0.0,0.0,0.0,8.505564148e-06,NA,6.31057985175e-06,2.05779777774e-05,5.48746074065e-07,4.66434162955e-06,1.37186518516e-06,3.84122251845e-06,0.0,0.0,0.0,0.0,0.0,NA,NA,NA,5.21308770362e-05,1.94804856293e-05,3.48453757031e-05,1.75598743701e-05,NA,2.46935733329e-06,NA,3.01810340736e-06,0.0,0.0,0.0,NA
C,0.0,1.01518023702e-05,0.0,0.0,0.0,0.0,0.0,0.0,0.0,0.0,0.0,0.0,NA,0.0,NA,0.0,0.0,0.0,2.74373037032e-07,NA,NA,0.0,0.0,NA,0.0,0.0,0.0,0.0,2.74373037032e-07,2.74373037032e-07,0.0,NA,0.0,0.0,0.0,0.0,0.0,NA,0.0,0.0,0.0,0.0,0.0,0.0,0.0,2.74373037032e-07,5.48746074065e-07,2.74373037032e-07,0.0,NA,NA,NA,0.0,0.0,0.0,0.0,NA,0.0,NA,0.0,0.0,0.0,0.0,NA
G,5.48746074065e-07,0.0,2.74373037032e-07,0.0,0.0,0.0,0.0,0.0,0.0,0.0,0.0,0.0,NA,0.0,NA,0.0,2.74373037032e-07,0.0,0.0,NA,NA,0.0,0.0,NA,0.0,0.0,0.0,0.0,0.0,2.74373037032e-07,0.0,NA,0.0,0.0,5.48746074065e-07,0.0,2.74373037032e-07,NA,0.0,0.0,0.0,0.0,0.0,0.0,0.0,0.0,2.74373037032e-07,0.0,2.74373037032e-07,NA,NA,NA,0.0,5.48746074065e-07,0.0,0.0,NA,0.0,NA,0.0,0.0,0.0,0.0,NA
T,2.74373037032e-07,0.0,0.0,0.0,2.74373037032e-07,2.74373037032e-07,0.0,2.74373037032e-07,0.0,0.0,2.74373037032e-07,0.0,NA,0.0,NA,0.0,0.0,0.0,0.0,NA,NA,2.74373037032e-07,1.37186518516e-06,NA,1.09749214813e-06,0.0,8.23119111097e-07,0.0,0.0,0.0,0.0,NA,0.0,0.0,2.74373037032e-07,0.0,2.74373037032e-06,NA,0.0,0.0,5.48746074065e-07,0.0,5.48746074065e-07,0.0,0.0,0.0,0.0,0.0,8.23119111097e-07,NA,NA,NA,0.0,1.64623822219e-06,5.48746074065e-07,0.0,NA,2.74373037032e-07,NA,5.48746074065e-07,0.0,0.0,0.0,NA
